sample_id,label,model,score
q_6775_correct,0,heuristic_overlap,0.0
q_6775_correct,0,lr_full,0.4975
q_6775_correct,0,rf_full,0.5593
q_6775_correct,0,nli_only,0.3928
q_6775_correct,0,tfidf_answer,0.749
q_6775_correct,0,xgboost,0.4541
q_6775_correct,0,deployed_calibrated,0.0
q_6775_hallucinated,1,heuristic_overlap,0.0769
q_6775_hallucinated,1,lr_full,0.999
q_6775_hallucinated,1,rf_full,0.9924
q_6775_hallucinated,1,nli_only,0.395
q_6775_hallucinated,1,tfidf_answer,0.9121
q_6775_hallucinated,1,xgboost,0.9996
q_6775_hallucinated,1,deployed_calibrated,0.4265
q_3061_correct,0,heuristic_overlap,1.0
q_3061_correct,0,lr_full,0.7109
q_3061_correct,0,rf_full,0.7634
q_3061_correct,0,nli_only,0.3058
q_3061_correct,0,tfidf_answer,0.1694
q_3061_correct,0,xgboost,0.9135
q_3061_correct,0,deployed_calibrated,0.0
