,model,deterministic,threshold,n_seeds,precision_mean,precision_std,recall_mean,recall_std,f1_mean,f1_std,auroc_mean,auroc_std,pr_auc_mean,pr_auc_std,mcc_mean,mcc_std,ece_mean,ece_std,brier_mean,brier_std,val_f1
majority,majority,True,0.5,1,0.0,0.0,0.0,0.0,0.0,0.0,,0.0,,0.0,0.0,0.0,,0.0,,0.0,
heuristic_overlap,heuristic_overlap,True,0.97,1,0.9473324213406292,0.0,0.9233333333333333,0.0,0.9351789331532748,0.0,0.9132162222222222,0.0,0.8196053904788374,0.0,0.8722799498675229,0.0,0.3541235851284867,0.0,0.2671635322664314,0.0,0.9371466577984703
lr_full,lr_full,False,0.5,3,0.9768234492160873,1.1102230246251565e-16,0.9553333333333334,0.0,0.965958881024604,0.0,0.9931875555555556,0.0,0.9900666030401183,1.1102230246251565e-16,0.9328924539640955,0.0,0.009909910938372117,0.0,0.025251195202358866,0.0,
rf_full,rf_full,False,0.5,3,0.9896654414074059,0.0003110224604822675,0.9788888888888888,0.0003142696805273199,0.9842475685313744,4.9764999940350344e-06,0.998001777777778,4.279763848726722e-05,0.9983457385191032,2.361496598562337e-05,0.9687242896016833,6.49546088718217e-06,0.014348935241154631,0.00018421303227103485,0.012733995826643483,9.239354605121453e-05,
nli_only,nli_only,False,0.5,3,0.6478611283323,0.0,0.6966666666666667,0.0,0.6713780918727915,0.0,0.7177248888888887,0.0,0.7530664700531671,0.0,0.31890620159202476,0.0,0.06776274647719753,0.0,0.21819163683434714,0.0,
tfidf_all,tfidf_all,False,0.5,3,0.6397280966767371,0.0,0.5646666666666667,0.0,0.5998583569405099,0.0,0.6754275555555557,1.1102230246251565e-16,0.6785033985233873,0.0,0.24838234579401833,2.7755575615628914e-17,0.06790043794291961,0.0,0.23278217085037758,0.0,
tfidf_answer,tfidf_answer,False,0.5,3,0.9550321199143469,0.0,0.892,0.0,0.922440537745605,0.0,0.9696068888888888,1.1102230246251565e-16,0.9665445403676941,1.1102230246251565e-16,0.8518573702360661,0.0,0.08312422471187783,0.0,0.06615825652293783,0.0,
tfidf_context,tfidf_context,False,0.5,3,0.5,0.0,1.0,0.0,0.6666666666666666,0.0,,,,,0.0,0.0,0.0,0.0,0.25,0.0,
xgboost,xgboost,False,0.5,3,0.9932172705689223,0.0005535740122411685,0.9762222222222222,0.0008314794192831054,0.9846463173227583,0.0006363410078762355,0.9979192592592593,7.144581723999243e-05,0.998337853579684,6.520228999308601e-05,0.9696977098003995,0.0012520077012923335,0.0044655512803130635,0.0002813898281375646,0.011742368340492249,0.0002095410330247131,
