model,seed,deterministic,threshold,val_f1,precision,recall,f1,mcc,ece,brier,auroc,pr_auc
majority,,True,0.5,0.5,0.0,0.0,0.0,0.0,,,,
heuristic_overlap,,True,0.97,0.9371466577984703,0.9473324213406292,0.9233333333333333,0.9351789331532748,0.8722799498675229,0.3541235851284867,0.2671635322664314,0.9132162222222222,0.8196053904788374
lr_full,42.0,False,0.5,,0.9768234492160872,0.9553333333333334,0.965958881024604,0.9328924539640955,0.009909910938372117,0.025251195202358866,0.9931875555555556,0.9900666030401182
lr_full,123.0,False,0.5,,0.9768234492160872,0.9553333333333334,0.965958881024604,0.9328924539640955,0.009909910938372117,0.025251195202358866,0.9931875555555556,0.9900666030401182
lr_full,456.0,False,0.5,,0.9768234492160872,0.9553333333333334,0.965958881024604,0.9328924539640955,0.009909910938372117,0.025251195202358866,0.9931875555555556,0.9900666030401182
rf_full,42.0,False,0.5,,0.9892255892255892,0.9793333333333333,0.9842546063651592,0.9687151036328028,0.014294331924835023,0.012796661067346317,0.9980440000000002,0.9983511920600943
rf_full,123.0,False,0.5,,0.9898853674983142,0.9786666666666667,0.9842440496144821,0.9687288825861236,0.014155634269518437,0.012801958985324305,0.9979431111111111,0.9983144776620488
rf_full,456.0,False,0.5,,0.9898853674983142,0.9786666666666667,0.9842440496144821,0.9687288825861236,0.014596839529110431,0.01260336742725983,0.9980182222222223,0.9983715458351665
nli_only,42.0,False,0.5,,0.6478611283323,0.6966666666666667,0.6713780918727915,0.31890620159202476,0.06776274647719753,0.21819163683434714,0.7177248888888887,0.7530664700531671
nli_only,123.0,False,0.5,,0.6478611283323,0.6966666666666667,0.6713780918727915,0.31890620159202476,0.06776274647719753,0.21819163683434714,0.7177248888888887,0.7530664700531671
nli_only,456.0,False,0.5,,0.6478611283323,0.6966666666666667,0.6713780918727915,0.31890620159202476,0.06776274647719753,0.21819163683434714,0.7177248888888887,0.7530664700531671
tfidf_all,42.0,False,0.5,,0.6397280966767371,0.5646666666666667,0.5998583569405099,0.24838234579401836,0.06790043794291961,0.23278217085037758,0.6754275555555556,0.6785033985233873
tfidf_all,123.0,False,0.5,,0.6397280966767371,0.5646666666666667,0.5998583569405099,0.24838234579401836,0.06790043794291961,0.23278217085037758,0.6754275555555556,0.6785033985233873
tfidf_all,456.0,False,0.5,,0.6397280966767371,0.5646666666666667,0.5998583569405099,0.24838234579401836,0.06790043794291961,0.23278217085037758,0.6754275555555556,0.6785033985233873
tfidf_answer,42.0,False,0.5,,0.9550321199143469,0.892,0.922440537745605,0.8518573702360661,0.08312422471187783,0.06615825652293783,0.9696068888888887,0.9665445403676942
tfidf_answer,123.0,False,0.5,,0.9550321199143469,0.892,0.922440537745605,0.8518573702360661,0.08312422471187783,0.06615825652293783,0.9696068888888887,0.9665445403676942
tfidf_answer,456.0,False,0.5,,0.9550321199143469,0.892,0.922440537745605,0.8518573702360661,0.08312422471187783,0.06615825652293783,0.9696068888888887,0.9665445403676942
tfidf_context,42.0,False,0.5,,0.5,1.0,0.6666666666666666,0.0,0.0,0.25,,
tfidf_context,123.0,False,0.5,,0.5,1.0,0.6666666666666666,0.0,0.0,0.25,,
tfidf_context,456.0,False,0.5,,0.5,1.0,0.6666666666666666,0.0,0.0,0.25,,
xgboost,42.0,False,0.5,,0.9938983050847457,0.9773333333333334,0.985546218487395,0.9714682688529582,0.004067665943875891,0.0120076360180974,0.9978213333333333,0.9982471462757551
xgboost,123.0,False,0.5,,0.9932111337406653,0.9753333333333334,0.9841910528086109,0.9688236288094972,0.004670477037628496,0.01149534061551094,0.9979897777777776,0.9983975650410558
xgboost,456.0,False,0.5,,0.9925423728813559,0.976,0.9842016806722689,0.9688012317387429,0.004658510859434804,0.011724128387868404,0.9979466666666666,0.9983688494222409
