sample_id,perturbation,changed,label,raw_score,perturbed_score,score_delta,top1_flip,orig_top1,pert_top1,spearman,seed
q_8327_correct,entity,True,0,0.001409,0.997637,0.996227,0,overlap_answer_context,overlap_answer_context,0.857583,42
q_8327_correct,support_removal,True,0,0.001409,0.002202,0.000793,0,overlap_answer_context,overlap_answer_context,0.889764,42
q_8327_correct,irrelevant_insert,True,0,0.001409,0.001048,-0.000361,0,overlap_answer_context,overlap_answer_context,0.969189,42
q_1527_hallucinated,numeric,True,1,0.999884,0.999858,-2.6e-05,0,overlap_answer_context,overlap_answer_context,0.893187,43
q_1527_hallucinated,date,True,1,0.999884,0.999839,-4.4e-05,0,overlap_answer_context,overlap_answer_context,0.875385,43
q_1527_hallucinated,entity,True,1,0.999884,0.999747,-0.000137,0,overlap_answer_context,overlap_answer_context,0.735022,43
q_1527_hallucinated,support_removal,True,1,0.999884,0.999866,-1.7e-05,0,overlap_answer_context,overlap_answer_context,0.846628,43
q_1527_hallucinated,irrelevant_insert,True,1,0.999884,0.999839,-4.4e-05,0,overlap_answer_context,overlap_answer_context,0.884286,43
q_46_hallucinated,entity,True,1,0.999464,0.999587,0.000124,0,overlap_answer_context,overlap_answer_context,0.849367,44
q_46_hallucinated,support_removal,True,1,0.999464,0.99962,0.000157,0,overlap_answer_context,overlap_answer_context,0.91989,44
q_46_hallucinated,irrelevant_insert,True,1,0.999464,0.999615,0.000151,0,overlap_answer_context,overlap_answer_context,0.97809,44
q_7367_correct,entity,True,0,0.00265,0.781496,0.778846,0,overlap_answer_context,overlap_answer_context,0.795276,45
q_7367_correct,support_removal,True,0,0.00265,0.987819,0.985169,0,overlap_answer_context,overlap_answer_context,0.815817,45
q_7367_correct,irrelevant_insert,True,0,0.00265,0.00147,-0.00118,0,overlap_answer_context,overlap_answer_context,0.943855,45
q_2688_hallucinated,entity,True,1,0.999849,0.999853,3e-06,0,overlap_answer_context,overlap_answer_context,0.975351,46
q_2688_hallucinated,irrelevant_insert,True,1,0.999849,0.999846,-3e-06,0,overlap_answer_context,overlap_answer_context,0.997261,46
q_5300_correct,entity,True,0,0.001526,0.99329,0.991764,0,overlap_answer_context,overlap_answer_context,0.889079,47
q_5300_correct,irrelevant_insert,True,0,0.001526,0.002575,0.001049,0,overlap_answer_context,overlap_answer_context,0.884286,47
q_6789_hallucinated,numeric,True,1,0.999562,0.999687,0.000124,0,overlap_answer_context,overlap_answer_context,0.743923,48
q_6789_hallucinated,date,True,1,0.999562,0.999681,0.000118,0,overlap_answer_context,overlap_answer_context,0.752824,48
q_6789_hallucinated,entity,True,1,0.999562,0.999669,0.000106,0,overlap_answer_context,overlap_answer_context,0.847997,48
q_6789_hallucinated,irrelevant_insert,True,1,0.999562,0.999648,8.6e-05,0,overlap_answer_context,overlap_answer_context,0.857583,48
q_6789_hallucinated,clause_shuffle,True,1,0.999562,0.999159,-0.000403,0,overlap_answer_context,overlap_answer_context,0.893872,48
q_761_hallucinated,entity,True,1,0.998531,0.99684,-0.001691,0,overlap_answer_context,overlap_answer_context,0.78569,49
q_761_hallucinated,irrelevant_insert,True,1,0.998531,0.998403,-0.000128,0,overlap_answer_context,overlap_answer_context,0.86443,49
q_1600_correct,irrelevant_insert,True,0,0.017845,0.00811,-0.009736,0,overlap_answer_context,overlap_answer_context,0.878809,50
q_1618_correct,numeric,True,0,0.004022,0.988465,0.984442,0,overlap_answer_context,overlap_answer_context,0.806231,51
q_1618_correct,support_removal,True,0,0.004022,0.003011,-0.001011,0,overlap_answer_context,overlap_answer_context,0.921945,51
q_1618_correct,irrelevant_insert,True,0,0.004022,0.002857,-0.001166,0,overlap_answer_context,overlap_answer_context,0.947963,51
q_1618_correct,clause_shuffle,True,0,0.004022,0.004322,0.000299,0,overlap_answer_context,overlap_answer_context,0.88634,51
q_1233_hallucinated,entity,True,1,0.999756,0.999279,-0.000477,0,overlap_answer_context,overlap_answer_context,0.764464,52
q_1233_hallucinated,irrelevant_insert,True,1,0.999756,0.999683,-7.3e-05,0,overlap_answer_context,overlap_answer_context,0.939747,52
q_8826_correct,support_removal,True,0,0.005767,0.993897,0.98813,0,overlap_answer_context,overlap_answer_context,0.791167,53
q_8826_correct,irrelevant_insert,True,0,0.005767,0.005071,-0.000696,0,overlap_answer_context,overlap_answer_context,0.975351,53
q_8674_hallucinated,support_removal,True,1,0.989883,0.967881,-0.022002,0,overlap_answer_context,overlap_answer_context,0.991099,54
q_8674_hallucinated,irrelevant_insert,True,1,0.989883,0.967856,-0.022027,0,overlap_answer_context,overlap_answer_context,0.89798,54
q_3392_correct,numeric,True,0,0.001701,0.886224,0.884523,0,overlap_answer_context,overlap_answer_context,0.71859,55
q_3392_correct,date,True,0,0.001701,0.838512,0.83681,0,overlap_answer_context,overlap_answer_context,0.782266,55
q_3392_correct,irrelevant_insert,True,0,0.001701,0.001947,0.000245,0,overlap_answer_context,overlap_answer_context,0.923999,55
q_4080_hallucinated,entity,True,1,0.999694,0.999316,-0.000378,0,overlap_answer_context,overlap_answer_context,0.883602,56
q_4080_hallucinated,irrelevant_insert,True,1,0.999694,0.999493,-0.0002,0,overlap_answer_context,overlap_answer_context,0.923314,56
q_9346_hallucinated,irrelevant_insert,True,1,0.91023,0.925059,0.014829,0,overlap_answer_context,overlap_answer_context,0.970558,57
q_3043_hallucinated,numeric,True,1,0.99965,0.999739,8.9e-05,0,overlap_answer_context,overlap_answer_context,0.930846,58
q_3043_hallucinated,entity,True,1,0.99965,0.999711,6.2e-05,0,overlap_answer_context,overlap_answer_context,0.869908,58
q_3043_hallucinated,irrelevant_insert,True,1,0.99965,0.999812,0.000162,0,overlap_answer_context,overlap_answer_context,0.930846,58
q_3795_hallucinated,entity,True,1,0.999094,0.992423,-0.00667,0,overlap_answer_context,overlap_answer_context,0.828141,59
q_3795_hallucinated,support_removal,True,1,0.999094,0.999207,0.000113,0,overlap_answer_context,overlap_answer_context,0.986306,59
q_3795_hallucinated,irrelevant_insert,True,1,0.999094,0.999145,5.1e-05,0,overlap_answer_context,overlap_answer_context,0.997261,59
q_782_correct,numeric,True,0,0.002969,0.960927,0.957959,0,overlap_answer_context,overlap_answer_context,0.910989,60
q_782_correct,date,True,0,0.002969,0.838645,0.835677,0,overlap_answer_context,overlap_answer_context,0.871277,60
q_782_correct,support_removal,True,0,0.002969,0.981699,0.978731,0,overlap_answer_context,overlap_answer_context,0.754194,60
q_782_correct,irrelevant_insert,True,0,0.002969,0.004256,0.001288,0,overlap_answer_context,overlap_answer_context,0.937008,60
q_6739_correct,support_removal,True,0,0.004248,0.004961,0.000712,0,overlap_answer_context,overlap_answer_context,0.877439,61
q_6739_correct,irrelevant_insert,True,0,0.004248,0.002397,-0.001851,0,overlap_answer_context,overlap_answer_context,0.94454,61
q_6889_correct,entity,True,0,0.003972,0.969389,0.965417,0,overlap_answer_context,overlap_answer_context,0.734338,62
q_6889_correct,support_removal,True,0,0.003972,0.974685,0.970713,0,overlap_answer_context,overlap_answer_context,0.811708,62
q_6889_correct,irrelevant_insert,True,0,0.003972,0.002836,-0.001136,0,overlap_answer_context,overlap_answer_context,0.993153,62
q_7623_correct,entity,True,0,0.019449,0.99815,0.978702,0,overlap_answer_context,overlap_answer_context,0.854844,63
q_7623_correct,support_removal,True,0,0.019449,0.999304,0.979855,0,overlap_answer_context,overlap_answer_context,0.870592,63
q_7623_correct,irrelevant_insert,True,0,0.019449,0.014761,-0.004687,0,overlap_answer_context,overlap_answer_context,0.973982,63
q_7623_correct,clause_shuffle,True,0,0.019449,0.013764,-0.005685,0,overlap_answer_context,overlap_answer_context,0.890448,63
q_6266_hallucinated,entity,True,1,0.999612,0.998764,-0.000848,0,overlap_answer_context,overlap_answer_context,0.69531,64
q_6266_hallucinated,support_removal,True,1,0.999612,0.999654,4.2e-05,0,overlap_answer_context,overlap_answer_context,0.991784,64
q_6266_hallucinated,irrelevant_insert,True,1,0.999612,0.999716,0.000104,0,overlap_answer_context,overlap_answer_context,0.902088,64
q_6266_hallucinated,clause_shuffle,True,1,0.999612,0.999425,-0.000187,0,overlap_answer_context,overlap_answer_context,0.889764,64
q_2754_correct,numeric,True,0,0.001035,0.96624,0.965205,0,overlap_answer_context,overlap_answer_context,0.632318,65
q_2754_correct,date,True,0,0.001035,0.979069,0.978035,0,overlap_answer_context,overlap_answer_context,0.774735,65
q_2754_correct,irrelevant_insert,True,0,0.001035,0.001517,0.000482,0,overlap_answer_context,overlap_answer_context,0.979459,65
q_655_hallucinated,entity,True,1,0.999536,0.999319,-0.000217,0,overlap_answer_context,overlap_answer_context,0.735022,66
q_655_hallucinated,support_removal,True,1,0.999536,0.9997,0.000164,0,overlap_answer_context,overlap_answer_context,0.84252,66
q_655_hallucinated,irrelevant_insert,True,1,0.999536,0.999491,-4.6e-05,0,overlap_answer_context,overlap_answer_context,0.957549,66
q_4269_correct,entity,True,0,0.000657,0.992567,0.99191,0,overlap_answer_context,overlap_answer_context,0.846628,67
q_4269_correct,support_removal,True,0,0.000657,0.00062,-3.7e-05,0,overlap_answer_context,overlap_answer_context,0.942485,67
q_4269_correct,irrelevant_insert,True,0,0.000657,0.001056,0.000399,0,overlap_answer_context,overlap_answer_context,0.96508,67
q_1886_correct,support_removal,True,0,0.017851,0.997036,0.979185,0,overlap_answer_context,overlap_answer_context,0.720644,68
q_1886_correct,irrelevant_insert,True,0,0.017851,0.020158,0.002306,0,overlap_answer_context,overlap_answer_context,0.98836,68
q_1741_hallucinated,entity,True,1,0.999619,0.999764,0.000145,0,overlap_answer_context,overlap_answer_context,0.965765,69
q_1741_hallucinated,support_removal,True,1,0.999619,0.998982,-0.000637,0,overlap_answer_context,overlap_answer_context,0.905512,69
q_1741_hallucinated,irrelevant_insert,True,1,0.999619,0.999658,3.8e-05,0,overlap_answer_context,overlap_answer_context,0.972612,69
q_1741_hallucinated,clause_shuffle,True,1,0.999619,0.999289,-0.000331,0,overlap_answer_context,overlap_answer_context,0.930161,69
q_3529_correct,support_removal,True,0,0.001992,0.000758,-0.001235,0,overlap_answer_context,overlap_answer_context,0.922629,70
q_3529_correct,irrelevant_insert,True,0,0.001992,0.003036,0.001043,0,overlap_answer_context,overlap_answer_context,0.92126,70
q_4509_hallucinated,irrelevant_insert,True,1,0.99876,0.99816,-0.0006,0,overlap_answer_context,overlap_answer_context,0.875385,71
q_4767_hallucinated,numeric,True,1,0.999785,0.999862,7.7e-05,0,overlap_answer_context,overlap_answer_context,0.952756,72
q_4767_hallucinated,date,True,1,0.999785,0.99984,5.4e-05,0,overlap_answer_context,overlap_answer_context,0.979459,72
q_4767_hallucinated,entity,True,1,0.999785,0.999871,8.5e-05,0,overlap_answer_context,overlap_answer_context,0.903458,72
q_4767_hallucinated,support_removal,True,1,0.999785,0.999821,3.6e-05,0,overlap_answer_context,overlap_answer_context,0.879493,72
q_4767_hallucinated,irrelevant_insert,True,1,0.999785,0.999795,9e-06,0,overlap_answer_context,overlap_answer_context,0.970558,72
q_4450_hallucinated,entity,True,1,0.974779,0.999045,0.024266,0,overlap_answer_context,overlap_answer_context,0.761041,73
q_4450_hallucinated,irrelevant_insert,True,1,0.974779,0.971605,-0.003174,0,overlap_answer_context,overlap_answer_context,0.904142,73
q_7961_hallucinated,entity,True,1,0.999712,0.998172,-0.00154,0,overlap_answer_context,overlap_answer_context,0.811708,74
q_7961_hallucinated,irrelevant_insert,True,1,0.999712,0.999713,1e-06,0,overlap_answer_context,overlap_answer_context,0.962342,74
q_8327_hallucinated,entity,True,1,0.99933,0.999646,0.000316,0,overlap_answer_context,overlap_answer_context,0.96508,75
q_8327_hallucinated,support_removal,True,1,0.99933,0.999284,-4.5e-05,0,overlap_answer_context,overlap_answer_context,0.939747,75
q_8327_hallucinated,irrelevant_insert,True,1,0.99933,0.998878,-0.000452,0,overlap_answer_context,overlap_answer_context,0.904827,75
q_6605_correct,entity,True,0,0.001378,0.997244,0.995866,0,overlap_answer_context,overlap_answer_context,0.794591,76
q_6605_correct,support_removal,True,0,0.001378,0.990545,0.989167,0,overlap_answer_context,overlap_answer_context,0.763095,76
q_6605_correct,irrelevant_insert,True,0,0.001378,0.001553,0.000175,0,overlap_answer_context,overlap_answer_context,0.947963,76
q_4833_correct,irrelevant_insert,True,0,0.003199,0.001941,-0.001258,0,n_chars,n_chars,0.982198,77
q_5436_hallucinated,entity,True,1,0.999736,0.999583,-0.000153,0,overlap_answer_context,overlap_answer_context,0.86443,78
q_5436_hallucinated,support_removal,True,1,0.999736,0.999622,-0.000115,0,overlap_answer_context,overlap_answer_context,0.917836,78
q_5436_hallucinated,irrelevant_insert,True,1,0.999736,0.999679,-5.7e-05,0,overlap_answer_context,overlap_answer_context,0.908935,78
q_8091_correct,entity,True,0,0.004456,0.976818,0.972361,0,overlap_answer_context,overlap_answer_context,0.704211,79
q_8091_correct,irrelevant_insert,True,0,0.004456,0.007697,0.003241,0,overlap_answer_context,overlap_answer_context,0.960972,79
q_1962_correct,entity,True,0,0.164085,0.995376,0.831292,0,overlap_answer_context,overlap_answer_context,0.902773,80
q_1962_correct,irrelevant_insert,True,0,0.164085,0.661033,0.496948,0,overlap_answer_context,overlap_answer_context,0.923314,80
q_8827_hallucinated,entity,True,1,0.98093,0.994509,0.013579,0,overlap_answer_context,overlap_answer_context,0.755563,81
q_8827_hallucinated,support_removal,True,1,0.98093,0.999634,0.018704,0,overlap_answer_context,overlap_answer_context,0.857583,81
q_8827_hallucinated,irrelevant_insert,True,1,0.98093,0.970384,-0.010546,0,overlap_answer_context,overlap_answer_context,0.91989,81
q_8827_hallucinated,clause_shuffle,True,1,0.98093,0.980106,-0.000825,0,overlap_answer_context,overlap_answer_context,0.913728,81
q_7753_correct,entity,True,0,0.000903,0.993941,0.993038,0,overlap_answer_context,overlap_answer_context,0.835673,82
q_7753_correct,irrelevant_insert,True,0,0.000903,0.001278,0.000376,0,overlap_answer_context,overlap_answer_context,0.958233,82
q_6889_hallucinated,numeric,True,1,0.999783,0.999763,-2e-05,0,overlap_answer_context,overlap_answer_context,0.971243,83
q_6889_hallucinated,date,True,1,0.999783,0.999771,-1.3e-05,0,overlap_answer_context,overlap_answer_context,0.976036,83
q_6889_hallucinated,entity,True,1,0.999783,0.999631,-0.000152,0,overlap_answer_context,overlap_answer_context,0.848682,83
q_6889_hallucinated,support_removal,True,1,0.999783,0.999685,-9.8e-05,0,overlap_answer_context,overlap_answer_context,0.914413,83
q_6889_hallucinated,irrelevant_insert,True,1,0.999783,0.999798,1.5e-05,0,overlap_answer_context,overlap_answer_context,1.0,83
q_4217_hallucinated,entity,True,1,0.99967,0.999594,-7.7e-05,0,overlap_answer_context,overlap_answer_context,0.867169,84
q_4217_hallucinated,irrelevant_insert,True,1,0.99967,0.999725,5.5e-05,0,overlap_answer_context,overlap_answer_context,0.969189,84
q_7443_hallucinated,entity,True,1,0.999801,0.999557,-0.000244,0,overlap_answer_context,overlap_answer_context,0.875385,85
q_7443_hallucinated,support_removal,True,1,0.999801,0.999645,-0.000156,0,overlap_answer_context,overlap_answer_context,0.852105,85
q_7443_hallucinated,irrelevant_insert,True,1,0.999801,0.999809,8e-06,0,overlap_answer_context,overlap_answer_context,0.970558,85
q_3707_correct,entity,True,0,0.004179,0.985196,0.981017,0,overlap_answer_context,overlap_answer_context,0.810339,86
q_3707_correct,support_removal,True,0,0.004179,0.789063,0.784884,0,overlap_answer_context,overlap_answer_context,0.79733,86
q_3707_correct,irrelevant_insert,True,0,0.004179,0.00414,-3.9e-05,0,overlap_answer_context,overlap_answer_context,0.954125,86
q_8267_correct,support_removal,True,0,0.002609,0.002773,0.000164,0,overlap_answer_context,overlap_answer_context,0.960972,87
q_8267_correct,irrelevant_insert,True,0,0.002609,0.003804,0.001195,0,overlap_answer_context,overlap_answer_context,0.969873,87
q_1201_hallucinated,entity,True,1,0.999661,0.997528,-0.002133,0,overlap_answer_context,overlap_answer_context,0.789113,88
q_1201_hallucinated,irrelevant_insert,True,1,0.999661,0.999542,-0.000119,0,overlap_answer_context,overlap_answer_context,0.927422,88
q_4216_correct,support_removal,True,0,0.008513,0.008201,-0.000312,0,overlap_answer_context,overlap_answer_context,0.9329,89
q_4216_correct,irrelevant_insert,True,0,0.008513,0.014142,0.005629,0,overlap_answer_context,overlap_answer_context,0.961657,89
q_4562_hallucinated,entity,True,1,0.93837,0.999814,0.061444,0,overlap_answer_context,overlap_answer_context,0.89798,90
q_4562_hallucinated,support_removal,True,1,0.93837,0.999335,0.060965,0,overlap_answer_context,overlap_answer_context,0.868538,90
q_4562_hallucinated,irrelevant_insert,True,1,0.93837,0.928681,-0.009689,0,overlap_answer_context,overlap_answer_context,0.973982,90
q_8612_correct,numeric,True,0,0.002208,0.924082,0.921874,0,overlap_answer_context,overlap_answer_context,0.698733,91
q_8612_correct,support_removal,True,0,0.002208,0.001675,-0.000532,0,overlap_answer_context,overlap_answer_context,0.793221,91
q_8612_correct,irrelevant_insert,True,0,0.002208,0.002942,0.000734,0,overlap_answer_context,overlap_answer_context,0.8747,91
q_8612_correct,clause_shuffle,True,0,0.002208,0.006209,0.004001,0,overlap_answer_context,overlap_answer_context,0.84252,91
q_7612_correct,irrelevant_insert,True,0,0.002065,0.004304,0.002239,0,overlap_answer_context,overlap_answer_context,0.929476,92
q_4447_hallucinated,numeric,True,1,0.999315,0.999685,0.00037,0,overlap_answer_context,overlap_answer_context,0.921945,93
q_4447_hallucinated,entity,True,1,0.999315,0.999622,0.000307,0,overlap_answer_context,overlap_answer_context,0.8747,93
q_4447_hallucinated,irrelevant_insert,True,1,0.999315,0.999393,7.7e-05,0,overlap_answer_context,overlap_answer_context,0.967819,93
q_4712_hallucinated,entity,True,1,0.999735,0.99981,7.5e-05,0,overlap_answer_context,overlap_answer_context,0.824033,94
q_4712_hallucinated,support_removal,True,1,0.999735,0.999724,-1.1e-05,0,overlap_answer_context,overlap_answer_context,0.924683,94
q_4712_hallucinated,irrelevant_insert,True,1,0.999735,0.999728,-7e-06,0,overlap_answer_context,overlap_answer_context,0.979459,94
q_7262_correct,entity,True,0,0.002427,0.977568,0.975141,0,overlap_answer_context,overlap_answer_context,0.869223,95
q_7262_correct,support_removal,True,0,0.002427,0.584104,0.581677,0,overlap_answer_context,overlap_answer_context,0.883602,95
q_7262_correct,irrelevant_insert,True,0,0.002427,0.002628,0.0002,0,overlap_answer_context,overlap_answer_context,0.967819,95
q_1807_hallucinated,entity,True,1,0.998627,0.999435,0.000807,0,overlap_answer_context,overlap_answer_context,0.957549,96
q_1807_hallucinated,support_removal,True,1,0.998627,0.995774,-0.002854,0,overlap_answer_context,overlap_answer_context,0.865799,96
q_1807_hallucinated,irrelevant_insert,True,1,0.998627,0.998797,0.000169,0,overlap_answer_context,overlap_answer_context,0.978774,96
q_6743_correct,entity,True,0,0.003647,0.935444,0.931797,0,overlap_answer_context,overlap_answer_context,0.917152,97
q_6743_correct,irrelevant_insert,True,0,0.003647,0.004146,0.000498,0,overlap_answer_context,overlap_answer_context,0.981513,97
q_2344_hallucinated,entity,True,1,0.999651,0.999631,-2.1e-05,0,overlap_answer_context,overlap_answer_context,0.765149,98
q_2344_hallucinated,support_removal,True,1,0.999651,0.999687,3.6e-05,0,overlap_answer_context,overlap_answer_context,0.919206,98
q_2344_hallucinated,irrelevant_insert,True,1,0.999651,0.999645,-7e-06,0,overlap_answer_context,overlap_answer_context,0.98973,98
q_5202_correct,support_removal,True,0,0.006036,0.009349,0.003313,0,overlap_answer_context,overlap_answer_context,0.96508,99
q_5202_correct,irrelevant_insert,True,0,0.006036,0.002893,-0.003143,0,overlap_answer_context,overlap_answer_context,0.973982,99
q_1922_correct,irrelevant_insert,True,0,0.003722,0.00408,0.000358,0,overlap_answer_context,overlap_answer_context,0.981513,100
q_7841_hallucinated,entity,True,1,0.999552,0.999405,-0.000147,0,overlap_answer_context,overlap_answer_context,0.839781,101
q_7841_hallucinated,irrelevant_insert,True,1,0.999552,0.999355,-0.000197,0,overlap_answer_context,overlap_answer_context,0.947963,101
q_7841_hallucinated,clause_shuffle,True,1,0.999552,0.999229,-0.000322,0,overlap_answer_context,overlap_answer_context,0.94317,101
q_7791_hallucinated,numeric,True,1,0.999534,0.999737,0.000203,0,overlap_answer_context,overlap_answer_context,0.884971,102
q_7791_hallucinated,date,True,1,0.999534,0.999703,0.000169,0,overlap_answer_context,overlap_answer_context,0.850051,102
q_7791_hallucinated,entity,True,1,0.999534,0.999842,0.000308,0,overlap_answer_context,overlap_answer_context,0.906197,102
q_7791_hallucinated,irrelevant_insert,True,1,0.999534,0.999594,6e-05,0,overlap_answer_context,overlap_answer_context,0.92126,102
q_7791_hallucinated,clause_shuffle,True,1,0.999534,0.999385,-0.000149,0,overlap_answer_context,overlap_answer_context,0.97809,102
q_319_hallucinated,numeric,True,1,0.999658,0.999662,4e-06,0,overlap_answer_context,overlap_answer_context,0.958918,103
q_319_hallucinated,date,True,1,0.999658,0.999738,8e-05,0,overlap_answer_context,overlap_answer_context,0.953441,103
q_319_hallucinated,entity,True,1,0.999658,0.999715,5.7e-05,0,overlap_answer_context,overlap_answer_context,0.917836,103
q_319_hallucinated,irrelevant_insert,True,1,0.999658,0.999727,6.8e-05,0,overlap_answer_context,overlap_answer_context,0.923314,103
q_8205_correct,irrelevant_insert,True,0,0.000887,0.000763,-0.000124,0,n_chars,n_chars,0.990414,104
q_4929_correct,support_removal,True,0,0.012808,0.009951,-0.002856,0,n_chars,n_chars,0.939747,105
q_4929_correct,irrelevant_insert,True,0,0.012808,0.015562,0.002755,0,n_chars,n_chars,0.982198,105
q_4271_hallucinated,entity,True,1,0.998969,0.999806,0.000837,0,overlap_answer_context,overlap_answer_context,0.923314,106
q_4271_hallucinated,support_removal,True,1,0.998969,0.999753,0.000784,0,overlap_answer_context,overlap_answer_context,0.900719,106
q_4271_hallucinated,irrelevant_insert,True,1,0.998969,0.999072,0.000103,0,overlap_answer_context,overlap_answer_context,0.980828,106
q_4271_hallucinated,clause_shuffle,True,1,0.998969,0.99923,0.000261,0,overlap_answer_context,overlap_answer_context,0.939062,106
q_9476_correct,entity,True,0,0.002043,0.989912,0.987869,0,overlap_answer_context,overlap_answer_context,0.802807,107
q_9476_correct,irrelevant_insert,True,0,0.002043,0.005999,0.003956,0,overlap_answer_context,overlap_answer_context,0.918521,107
q_6603_hallucinated,entity,True,1,0.999659,0.999552,-0.000107,0,overlap_answer_context,overlap_answer_context,0.906881,108
q_6603_hallucinated,irrelevant_insert,True,1,0.999659,0.999745,8.6e-05,0,overlap_answer_context,overlap_answer_context,0.974666,108
q_5459_correct,entity,True,0,0.005813,0.971707,0.965893,0,overlap_answer_context,overlap_answer_context,0.754194,109
q_5459_correct,irrelevant_insert,True,0,0.005813,0.006831,0.001018,0,overlap_answer_context,overlap_answer_context,0.960972,109
q_743_correct,entity,True,0,0.001043,0.993559,0.992516,0,overlap_answer_context,overlap_answer_context,0.758987,110
q_743_correct,irrelevant_insert,True,0,0.001043,0.000862,-0.000181,0,overlap_answer_context,overlap_answer_context,0.945224,110
q_6666_hallucinated,support_removal,True,1,0.998573,0.998188,-0.000385,0,overlap_answer_context,overlap_answer_context,0.838412,111
q_6666_hallucinated,irrelevant_insert,True,1,0.998573,0.998838,0.000265,0,overlap_answer_context,overlap_answer_context,0.928107,111
q_7464_correct,numeric,True,0,0.001199,0.980742,0.979543,0,overlap_answer_context,overlap_answer_context,0.657651,112
q_7464_correct,date,True,0,0.001199,0.971952,0.970753,0,overlap_answer_context,overlap_answer_context,0.707634,112
q_7464_correct,support_removal,True,0,0.001199,0.785774,0.784575,0,overlap_answer_context,overlap_answer_context,0.761725,112
q_7464_correct,irrelevant_insert,True,0,0.001199,0.000947,-0.000252,0,overlap_answer_context,overlap_answer_context,0.971927,112
q_7585_correct,numeric,True,0,0.006973,0.90903,0.902057,0,overlap_answer_context,overlap_answer_context,0.701472,113
q_7585_correct,support_removal,True,0,0.006973,0.973331,0.966358,0,overlap_answer_context,overlap_answer_context,0.708319,113
q_7585_correct,irrelevant_insert,True,0,0.006973,0.005607,-0.001366,0,overlap_answer_context,overlap_answer_context,0.927422,113
q_7585_correct,clause_shuffle,True,0,0.006973,0.01055,0.003578,0,overlap_answer_context,overlap_answer_context,0.795276,113
q_7093_correct,entity,True,0,0.011812,0.997368,0.985556,0,overlap_answer_context,overlap_answer_context,0.790483,114
q_7093_correct,support_removal,True,0,0.011812,0.983137,0.971325,0,overlap_answer_context,overlap_answer_context,0.771996,114
q_7093_correct,irrelevant_insert,True,0,0.011812,0.010385,-0.001427,0,overlap_answer_context,overlap_answer_context,0.980828,114
q_8870_hallucinated,entity,True,1,0.999545,0.999611,6.6e-05,0,overlap_answer_context,overlap_answer_context,0.753509,115
q_8870_hallucinated,irrelevant_insert,True,1,0.999545,0.999557,1.2e-05,0,overlap_answer_context,overlap_answer_context,0.993153,115
q_7292_hallucinated,numeric,True,1,0.999769,0.99981,4.1e-05,0,overlap_answer_context,overlap_answer_context,0.995207,116
q_7292_hallucinated,entity,True,1,0.999769,0.999551,-0.000218,0,overlap_answer_context,overlap_answer_context,0.892503,116
q_7292_hallucinated,irrelevant_insert,True,1,0.999769,0.999807,3.8e-05,0,overlap_answer_context,overlap_answer_context,0.956864,116
q_3205_correct,support_removal,True,0,0.008915,0.004274,-0.004641,0,overlap_answer_context,overlap_answer_context,0.907566,117
q_3205_correct,irrelevant_insert,True,0,0.008915,0.00968,0.000765,0,overlap_answer_context,overlap_answer_context,0.942485,117
q_8214_hallucinated,entity,True,1,0.99902,0.999195,0.000175,0,overlap_answer_context,overlap_answer_context,0.900719,118
q_8214_hallucinated,irrelevant_insert,True,1,0.99902,0.999168,0.000148,0,overlap_answer_context,overlap_answer_context,0.994522,118
q_7930_correct,entity,True,0,0.032016,0.992191,0.960175,0,overlap_answer_context,overlap_answer_context,0.737076,119
q_7930_correct,support_removal,True,0,0.032016,0.995269,0.963254,0,overlap_answer_context,overlap_answer_context,0.729545,119
q_7930_correct,irrelevant_insert,True,0,0.032016,0.031069,-0.000946,0,overlap_answer_context,overlap_answer_context,0.948648,119
q_1087_hallucinated,entity,True,1,0.998719,0.999288,0.000569,0,overlap_answer_context,overlap_answer_context,0.844574,120
q_1087_hallucinated,support_removal,True,1,0.998719,0.99961,0.000891,0,overlap_answer_context,overlap_answer_context,0.883602,120
q_1087_hallucinated,irrelevant_insert,True,1,0.998719,0.998659,-6.1e-05,0,overlap_answer_context,overlap_answer_context,0.995207,120
q_2439_correct,irrelevant_insert,True,0,0.001729,0.001643,-8.6e-05,0,n_chars,n_chars,0.998631,121
q_9499_correct,irrelevant_insert,True,0,0.010372,0.007154,-0.003218,0,overlap_answer_context,overlap_answer_context,0.881547,122
q_7401_hallucinated,numeric,True,1,0.999678,0.999616,-6.3e-05,0,overlap_answer_context,overlap_answer_context,0.87607,123
q_7401_hallucinated,entity,True,1,0.999678,0.999799,0.000121,0,overlap_answer_context,overlap_answer_context,0.878124,123
q_7401_hallucinated,support_removal,True,1,0.999678,0.999678,-0.0,0,overlap_answer_context,overlap_answer_context,0.908935,123
q_7401_hallucinated,irrelevant_insert,True,1,0.999678,0.999647,-3.2e-05,0,overlap_answer_context,overlap_answer_context,0.906881,123
q_4265_correct,irrelevant_insert,True,0,0.00078,0.00072,-6e-05,0,overlap_answer_context,overlap_answer_context,0.979459,124
q_4974_correct,entity,True,0,0.002262,0.986533,0.984271,0,overlap_answer_context,overlap_answer_context,0.806231,125
q_4974_correct,irrelevant_insert,True,0,0.002262,0.008037,0.005774,0,overlap_answer_context,overlap_answer_context,0.800068,125
q_5246_hallucinated,entity,True,1,0.999749,0.999742,-7e-06,0,overlap_answer_context,overlap_answer_context,0.974666,126
q_5246_hallucinated,support_removal,True,1,0.999749,0.999408,-0.000341,0,overlap_answer_context,overlap_answer_context,0.953441,126
q_5246_hallucinated,irrelevant_insert,True,1,0.999749,0.999744,-5e-06,0,overlap_answer_context,overlap_answer_context,0.968504,126
q_8045_hallucinated,support_removal,True,1,0.998317,0.997997,-0.00032,0,overlap_answer_context,overlap_answer_context,0.804861,127
q_8045_hallucinated,irrelevant_insert,True,1,0.998317,0.997864,-0.000453,0,overlap_answer_context,overlap_answer_context,0.861691,127
q_7618_hallucinated,entity,True,1,0.999497,0.998685,-0.000812,0,overlap_answer_context,overlap_answer_context,0.78432,128
q_7618_hallucinated,support_removal,True,1,0.999497,0.99964,0.000143,0,overlap_answer_context,overlap_answer_context,0.937008,128
q_7618_hallucinated,irrelevant_insert,True,1,0.999497,0.999536,3.9e-05,0,overlap_answer_context,overlap_answer_context,0.978774,128
q_9174_correct,irrelevant_insert,True,0,0.001499,0.001924,0.000426,0,overlap_answer_context,overlap_answer_context,0.971927,129
q_6227_hallucinated,irrelevant_insert,True,1,0.999801,0.99967,-0.000132,0,overlap_answer_context,overlap_answer_context,0.925368,130
q_1402_hallucinated,entity,True,1,0.997719,0.999598,0.00188,0,overlap_answer_context,overlap_answer_context,0.890448,131
q_1402_hallucinated,support_removal,True,1,0.997719,0.998749,0.00103,0,overlap_answer_context,overlap_answer_context,0.960972,131
q_1402_hallucinated,irrelevant_insert,True,1,0.997719,0.998281,0.000563,0,overlap_answer_context,overlap_answer_context,0.943855,131
q_8244_hallucinated,entity,True,1,0.999623,0.999121,-0.000501,0,overlap_answer_context,overlap_answer_context,0.90962,132
q_8244_hallucinated,support_removal,True,1,0.999623,0.999094,-0.000528,0,overlap_answer_context,overlap_answer_context,0.815132,132
q_8244_hallucinated,irrelevant_insert,True,1,0.999623,0.999501,-0.000122,0,overlap_answer_context,overlap_answer_context,0.967819,132
q_4554_correct,entity,True,0,0.001296,0.994877,0.993582,0,overlap_answer_context,overlap_answer_context,0.851421,133
q_4554_correct,support_removal,True,0,0.001296,0.997263,0.995967,0,overlap_answer_context,overlap_answer_context,0.9329,133
q_4554_correct,irrelevant_insert,True,0,0.001296,0.002042,0.000746,0,overlap_answer_context,overlap_answer_context,0.983567,133
q_5572_hallucinated,entity,True,1,0.99951,0.999377,-0.000133,0,overlap_answer_context,overlap_answer_context,0.93153,134
q_5572_hallucinated,support_removal,True,1,0.99951,0.999443,-6.7e-05,0,overlap_answer_context,overlap_answer_context,0.939747,134
q_5572_hallucinated,irrelevant_insert,True,1,0.99951,0.99954,3.1e-05,0,overlap_answer_context,overlap_answer_context,0.985621,134
q_8009_hallucinated,support_removal,True,1,0.997709,0.993863,-0.003846,0,overlap_answer_context,overlap_answer_context,0.75214,135
q_8009_hallucinated,irrelevant_insert,True,1,0.997709,0.998317,0.000607,0,overlap_answer_context,overlap_answer_context,0.893187,135
q_4224_correct,irrelevant_insert,True,0,0.002491,0.002225,-0.000266,0,overlap_answer_context,overlap_answer_context,0.995892,136
q_2855_correct,entity,True,0,0.03528,0.98366,0.948379,0,overlap_answer_context,overlap_answer_context,0.770626,137
q_2855_correct,support_removal,True,0,0.03528,0.996949,0.961669,0,overlap_answer_context,overlap_answer_context,0.824033,137
q_2855_correct,irrelevant_insert,True,0,0.03528,0.02577,-0.009511,0,overlap_answer_context,overlap_answer_context,0.971927,137
q_6159_correct,support_removal,True,0,0.002969,0.002622,-0.000348,0,overlap_answer_context,overlap_answer_context,0.922629,138
q_6159_correct,irrelevant_insert,True,0,0.002969,0.011651,0.008682,0,overlap_answer_context,overlap_answer_context,0.892503,138
q_7966_correct,entity,True,0,0.003484,0.985857,0.982374,0,overlap_answer_context,overlap_answer_context,0.855529,139
q_7966_correct,irrelevant_insert,True,0,0.003484,0.006123,0.00264,0,overlap_answer_context,overlap_answer_context,0.953441,139
q_3487_correct,entity,True,0,0.004691,0.99797,0.993279,0,overlap_answer_context,overlap_answer_context,0.85416,140
q_3487_correct,irrelevant_insert,True,0,0.004691,0.005527,0.000837,0,overlap_answer_context,overlap_answer_context,0.975351,140
q_6310_correct,entity,True,0,0.003061,0.998721,0.99566,0,overlap_answer_context,overlap_answer_context,0.876755,141
q_6310_correct,irrelevant_insert,True,0,0.003061,0.00363,0.000569,0,overlap_answer_context,overlap_answer_context,0.97672,141
q_6310_correct,clause_shuffle,True,0,0.003061,0.003964,0.000903,0,overlap_answer_context,overlap_answer_context,0.994522,141
q_543_correct,support_removal,True,0,0.007937,0.991876,0.98394,0,overlap_answer_context,overlap_answer_context,0.866484,142
q_543_correct,irrelevant_insert,True,0,0.007937,0.011742,0.003806,0,overlap_answer_context,overlap_answer_context,0.913728,142
q_510_correct,entity,True,0,0.041554,0.961012,0.919458,0,overlap_answer_context,overlap_answer_context,0.825402,143
q_510_correct,irrelevant_insert,True,0,0.041554,0.016197,-0.025357,0,overlap_answer_context,overlap_answer_context,0.94454,143
q_4140_hallucinated,numeric,True,1,0.999498,0.999532,3.4e-05,0,overlap_answer_context,overlap_answer_context,0.950702,144
q_4140_hallucinated,date,True,1,0.999498,0.999583,8.5e-05,0,overlap_answer_context,overlap_answer_context,0.913728,144
q_4140_hallucinated,entity,True,1,0.999498,0.998026,-0.001471,0,overlap_answer_context,overlap_answer_context,0.861691,144
q_4140_hallucinated,irrelevant_insert,True,1,0.999498,0.999603,0.000105,0,overlap_answer_context,overlap_answer_context,0.983567,144
q_7013_correct,entity,True,0,0.00282,0.961932,0.959112,0,overlap_answer_context,overlap_answer_context,0.750086,145
q_7013_correct,support_removal,True,0,0.00282,0.00173,-0.001091,0,overlap_answer_context,overlap_answer_context,0.94454,145
q_7013_correct,irrelevant_insert,True,0,0.00282,0.005156,0.002336,0,overlap_answer_context,overlap_answer_context,0.908251,145
q_2178_hallucinated,numeric,True,1,0.999824,0.999806,-1.8e-05,0,overlap_answer_context,overlap_answer_context,0.96645,146
q_2178_hallucinated,date,True,1,0.999824,0.999793,-3.1e-05,0,overlap_answer_context,overlap_answer_context,0.934269,146
q_2178_hallucinated,entity,True,1,0.999824,0.999734,-9e-05,0,overlap_answer_context,overlap_answer_context,0.751455,146
q_2178_hallucinated,irrelevant_insert,True,1,0.999824,0.99976,-6.4e-05,0,overlap_answer_context,overlap_answer_context,0.935638,146
q_6223_hallucinated,numeric,True,1,0.999739,0.999828,8.9e-05,0,overlap_answer_context,overlap_answer_context,0.915782,147
q_6223_hallucinated,date,True,1,0.999739,0.999747,8e-06,0,overlap_answer_context,overlap_answer_context,0.94454,147
q_6223_hallucinated,entity,True,1,0.999739,0.999797,5.8e-05,0,overlap_answer_context,overlap_answer_context,0.858952,147
q_6223_hallucinated,irrelevant_insert,True,1,0.999739,0.999761,2.2e-05,0,overlap_answer_context,overlap_answer_context,0.912359,147
q_6223_hallucinated,clause_shuffle,True,1,0.999739,0.999739,0.0,0,overlap_answer_context,overlap_answer_context,1.0,147
q_6650_correct,support_removal,True,0,0.000929,0.00445,0.003521,0,n_chars,n_chars,0.949332,148
q_6650_correct,irrelevant_insert,True,0,0.000929,0.003851,0.002922,0,n_chars,n_chars,0.963711,148
q_4464_hallucinated,support_removal,True,1,0.999465,0.99969,0.000224,0,overlap_answer_context,overlap_answer_context,0.897295,149
q_4464_hallucinated,irrelevant_insert,True,1,0.999465,0.999423,-4.3e-05,0,overlap_answer_context,overlap_answer_context,0.981513,149
q_8947_hallucinated,entity,True,1,0.999796,0.999791,-4e-06,0,overlap_answer_context,overlap_answer_context,0.908935,150
q_8947_hallucinated,support_removal,True,1,0.999796,0.999819,2.3e-05,0,overlap_answer_context,overlap_answer_context,0.961657,150
q_8947_hallucinated,irrelevant_insert,True,1,0.999796,0.9998,4e-06,0,overlap_answer_context,overlap_answer_context,0.969189,150
q_8947_hallucinated,clause_shuffle,True,1,0.999796,0.999796,0.0,0,overlap_answer_context,overlap_answer_context,1.0,150
q_3497_hallucinated,numeric,True,1,0.999769,0.9998,3.1e-05,0,overlap_answer_context,overlap_answer_context,0.855529,151
q_3497_hallucinated,entity,True,1,0.999769,0.9998,3.2e-05,0,overlap_answer_context,overlap_answer_context,0.839781,151
q_3497_hallucinated,support_removal,True,1,0.999769,0.999771,2e-06,0,overlap_answer_context,overlap_answer_context,0.863061,151
q_3497_hallucinated,irrelevant_insert,True,1,0.999769,0.999829,6e-05,0,overlap_answer_context,overlap_answer_context,0.955495,151
q_7841_correct,irrelevant_insert,True,0,0.002153,0.001675,-0.000478,0,n_chars,n_chars,0.982198,152
q_3933_hallucinated,entity,True,1,0.999147,0.999566,0.000419,0,overlap_answer_context,overlap_answer_context,0.922629,153
q_3933_hallucinated,irrelevant_insert,True,1,0.999147,0.99889,-0.000257,0,overlap_answer_context,overlap_answer_context,0.947278,153
q_872_correct,entity,True,0,0.019959,0.968056,0.948096,0,overlap_answer_context,overlap_answer_context,0.796645,154
q_872_correct,irrelevant_insert,True,0,0.019959,0.008247,-0.011713,0,overlap_answer_context,overlap_answer_context,0.88634,154
q_811_correct,entity,True,0,0.002202,0.99293,0.990728,0,overlap_answer_context,overlap_answer_context,0.787059,155
q_811_correct,support_removal,True,0,0.002202,0.981689,0.979487,0,overlap_answer_context,overlap_answer_context,0.836357,155
q_811_correct,irrelevant_insert,True,0,0.002202,0.00442,0.002218,0,overlap_answer_context,overlap_answer_context,0.898665,155
q_3118_hallucinated,irrelevant_insert,True,1,0.999411,0.99906,-0.000351,0,overlap_answer_context,overlap_answer_context,0.969189,156
q_1392_correct,irrelevant_insert,True,0,0.002403,0.002278,-0.000124,0,overlap_answer_context,overlap_answer_context,0.986991,157
q_353_correct,numeric,True,0,0.003401,0.994517,0.991116,0,overlap_answer_context,overlap_answer_context,0.811024,158
q_353_correct,support_removal,True,0,0.003401,0.996755,0.993354,0,overlap_answer_context,overlap_answer_context,0.806231,158
q_353_correct,irrelevant_insert,True,0,0.003401,0.006741,0.00334,0,overlap_answer_context,overlap_answer_context,0.929476,158
q_2214_hallucinated,entity,True,1,0.999667,0.998924,-0.000742,0,overlap_answer_context,overlap_answer_context,0.69394,159
q_2214_hallucinated,support_removal,True,1,0.999667,0.99919,-0.000477,0,overlap_answer_context,overlap_answer_context,0.826772,159
q_2214_hallucinated,irrelevant_insert,True,1,0.999667,0.999607,-6e-05,0,overlap_answer_context,overlap_answer_context,0.941801,159
q_6595_correct,entity,True,0,0.007454,0.985879,0.978425,0,overlap_answer_context,overlap_answer_context,0.882917,160
q_6595_correct,support_removal,True,0,0.007454,0.991694,0.98424,0,overlap_answer_context,overlap_answer_context,0.833619,160
q_6595_correct,irrelevant_insert,True,0,0.007454,0.007343,-0.000111,0,overlap_answer_context,overlap_answer_context,0.982883,160
q_3469_hallucinated,support_removal,True,1,0.999504,0.998327,-0.001177,0,overlap_answer_context,overlap_answer_context,0.880178,161
q_3469_hallucinated,irrelevant_insert,True,1,0.999504,0.999712,0.000208,0,overlap_answer_context,overlap_answer_context,0.935638,161
