sample_id,question,context,answer,label,raw_score,calibrated_score,top5_shap_features,reviewer_1,reviewer_2,agreement,review_mode,review_note
q_8518_correct,"""Touch Too Much"" is the fourth track on an album by a band that hails from which country?","""Touch Too Much"" is the fourth track on AC/DC's 1979 album ""Highway to Hell"", their last with lead vocalist Bon Scott, who died the following year.Highway to Hell is an album by Australian hard rock band AC/DC, released on 27 July 1979.",Australia,0,0.80155766,0.93537944727136,"overlap_answer_context, n_words, nli_ctx_contradicts_ans, n_chars, jaccard_ans_ctx",implausible,implausible,yes,ai-expert,"Score 0.94 for a clearly grounded one-word answer; drivers are brevity (n_words, n_chars) and low overlap, not a genuine risk signal."
q_3061_correct,What sort of art did Herbert Abrams complete using the Chief of Staff of the United States Army from 1968 to 1972 as a subjecy?,"During his prolific career, he painted more than 400 portraits, including those of General William Westmoreland, playwright Arthur Miller and astronaut Edwin E. ""Buzz"" Aldrin Jr. He served as Chief of Staff of the United States Army from 1968 to 1972.",portrait,0,0.9134772,0.9751128006530908,"overlap_answer_context, n_words, n_chars, nli_ctx_contradicts_ans, nli_ctx_entails_ans",implausible,implausible,yes,ai-expert,Supported one-word answer scored 0.98; brevity/overlap shortcut again.
q_7742_correct,"What is is a United States federal statute enacted by the 111th United States Congress and signed into law by President Barack Obama, who at the time the Deputy White House Chief of Staff for Implementation for U.S. President Barack Obama made this one of her major projects?","Kristie Canegallo was the Deputy White House Chief of Staff for Implementation for U.S. President Barack Obama.The Patient Protection and Affordable Care Act, often shortened to the Affordable Care Act (ACA) or nicknamed Obamacare, is a United States federal statute enacted by the 111th United States Congress and signed into law by President Barack Obama on March 23, 2010.",The Patient Protection and Affordable Care Act,0,0.86116725,0.9609388814471044,"overlap_answer_context, n_words, n_chars, nli_ctx_neutral_ans, nli_ans_neutral_ctx",implausible,implausible,yes,ai-expert,"Answer is verbatim in the context yet scored 0.96; neutral-NLI and length features drive it, not evidence conflict."
q_1402_correct,Which chalet-style building was demolished when construction began on the seventh Disney Vacation Club resort?,"The Walt Disney World Conference Center was a chalet-style building that was designed for small and medium-sized business meetings. It was later demolished when construction began on the Disney's Saratoga Springs Resort & Spa, which now stands on the grounds of the former Institute. The resort is the seventh Disney Vacation Club resort and is situated on the former site of the Disney Institute.",Walt Disney World Conference Center,0,0.7594291,0.9086772434983608,"overlap_answer_context, n_words, nli_ctx_contradicts_ans, n_chars, nli_ans_neutral_ctx",implausible,implausible,yes,ai-expert,Answer directly supported; 0.91 risk contradicts the evidence.
q_8650_correct,"Which is the only national park located in Galicia, Spain: Timanfaya National Park or Atlantic Islands of Galicia National Park?","Timanfaya National Park (Spanish: ""Parque Nacional de Timanfaya"" ) is a Spanish national park in the southwestern part of the island of Lanzarote, Canary Islands.The Atlantic Islands of Galicia National Park (Galician: ""Parque Nacional das Illas Atlánticas de Galicia"" , Spanish: ""Parque Nacional de las Islas Atlánticas de Galicia"" ) is the only national park located in the autonomous community of Galicia, Spain.",Atlantic Islands of Galicia National Park,0,0.97904813,0.9859585820068598,"overlap_answer_context, n_words, n_chars, cosine_q_ans, jaccard_ans_q",implausible,implausible,yes,ai-expert,Answer matches the context sentence; 0.99 risk contradicts the evidence.
q_4156_correct,"The 2010 Insight Bowl was the 22nd edition, of the college football bowl game, played at Sun Devil Stadium in Tempe, Arizona on Tuesday, December 28, 2010, it featured which team that represented the University of Missouri, in the 2010 NCAA Division I FBS football season?",It featured the Missouri Tigers from the Big 12 Conference versus the Iowa Hawkeyes from the Big Ten Conference.The 2010 Missouri Tigers football team represented the University of Missouri in the 2010 NCAA Division I FBS football season.,2010 Missouri Tigers football team,0,0.5273048,0.5578187791166362,"overlap_answer_context, n_words, n_chars, overlap_answer_question, nli_ctx_contradicts_ans",implausible,unsure,no,ai-expert,"R1: grounded answer above the decision boundary (0.56). R2: score is marginal and features mostly show support, so the feature story is weak."
q_5922_correct,"Josefina Villamil Tinajero is a Mexican-American educator and author, she has worked as a professor of bilingual education at which public research university in El Paso, Texas, United States?","Tinajero has served as president of the National Association for Bilingual Education (NABE) and has worked as a professor of bilingual education at the University of Texas at El Paso (UTEP).The University of Texas at El Paso (UTEP) is a public research university in El Paso, Texas, United States.",University of Texas at El Paso (UTEP),0,0.63739955,0.770627609826304,"overlap_answer_context, n_words, n_chars, overlap_answer_question, nli_ctx_neutral_ans",implausible,implausible,yes,ai-expert,Supported answer scored 0.77; no feature indicates a real risk.
q_4329_correct,"What association football match between A.C. Milan of Italy and Liverpool F.C. of England, was part of the 2006–07 UEFA Champions League?","The 2006–07 UEFA Champions League was the 15th season of UEFA's premier European club football tournament, the UEFA Champions League, since it was rebranded from the European Cup, and the 52nd season overall. The final was contested by Milan and Liverpool on 23 May 2007.The 2007 UEFA Champions League Final was an association football match between A.C. Milan of Italy and Liverpool F.C. of England on 23 May 2007 at the Olympic Stadium, Athens, Greece.",2007 UEFA Champions League Final,0,0.77790135,0.9214304337536572,"overlap_answer_context, n_words, n_chars, nli_ctx_contradicts_ans, entity_overlap_ratio",implausible,implausible,yes,ai-expert,Supported answer scored 0.92; explanation not consistent with evidence.
q_7876_correct,Plutonium from the Hanford Site comes film which U.S. state?,This process was used to produce plutonium at the Hanford Site.The Hanford Site is a mostly decommissioned nuclear production complex operated by the United States federal government on the Columbia River in the U.S. state of Washington.,the U.S. state of Washington.,0,0.75634336,0.9063732715982424,"overlap_answer_context, n_words, n_chars, nli_ctx_contradicts_ans, nli_ctx_neutral_ans",implausible,implausible,yes,ai-expert,Answer is copied from the context; highest example of the brevity/overlap artifact (0.91).
q_4539_hallucinated,The Cincinnati Reds record holder for most stolen bases by a rookie in a season is a native of which city ?,"Taylorsville is a city located in Smith County, Mississippi. Athletes such as Tim Duckworth, Billy Hamilton, and Jason Campbell are among the city's natives. He also holds the Cincinnati Reds record for most stolen bases by a rookie in a season.",Jason Campbell holds the record.,1,0.20384967,0.066263309910947,"overlap_answer_context, n_words, n_chars, nli_ctx_neutral_ans, nli_ctx_contradicts_ans",implausible,implausible,yes,ai-expert,Wrong athlete named (record holder is Billy Hamilton); low score ignores the misattribution.
q_2910_hallucinated,Say Yes is the 12th episode of the horror series shown on which cable network?,"""Say Yes"" is the twelfth episode of the seventh season and 95th episode overall of the post-apocalyptic horror television series ""The Walking Dead"", which aired on AMC on March 5, 2017.The seventh season of ""The Walking Dead"", an American post-apocalyptic horror television series on AMC, premiered on October 23, 2016, and concluded on April 2, 2017, consisting of 16 episodes.",Syfy,1,0.23003447,0.0822180819770164,"overlap_answer_context, n_chars, n_words, cosine_q_ans, nli_ctx_contradicts_ans",implausible,implausible,yes,ai-expert,Syfy contradicts AMC in the context; score 0.08 is inconsistent.
q_1921_hallucinated,"in 1927, Kansas Jayhawks football team played their home games in a city that had how many inhabitants in 2010 ?","They played their home games at Memorial Stadium in Lawrence, Kansas; the stadium's capacity was increased to 35,000 in 1927 with completion of the north bowl. As of the 2010 census, the city's population was 87,643.","Memorial Stadium capacity was 35,000.",1,0.071325496,0.0213595907342512,"overlap_answer_context, n_chars, n_words, overlap_answer_question, jaccard_ans_q",implausible,implausible,yes,ai-expert,Answer is off-target (stadium capacity instead of city population); lexical overlap with a context fact keeps the score low.
q_5384_hallucinated,"Rock im Park 2001 is a live album and DVD by the American nu metal band Limp Bizkit, released in 2008,  it features a performance from June 1, 2001 by the band at which festival in Nuremberg, that are two simultaneous rock music festivals held annually?","Released in 2008, it features a performance from June 1, 2001 by the band at the Rock im Park festival in Nuremberg, Germany.The Rock am Ring (German: ""Rock at the Ring"" ) and Rock im Park (German: ""Rock in the Park"" ) festivals are two simultaneous rock music festivals held annually.",Rock am Ring,1,0.0035908497,0.0118054556042304,"overlap_answer_context, n_chars, n_words, cosine_ctx_ans, nli_ctx_neutral_ans",implausible,implausible,yes,ai-expert,Confusable festival name (Rock am Ring vs Rock im Park); high lexical overlap masks the wrong choice.
q_1729_hallucinated,What was the 2010 population on the city where Lave Tree State Monument is located?,Lava Tree State Monument is a public park located 2.7 mi southeast of Pāhoa in the Puna District on the island of Hawaii. The population dropped by 1.8% to 945 at the 2010 census.,The population on the island of Hawaii dropped by 1.8% to 945 at the 2010 census.,1,0.07904452,0.0228433918118324,"overlap_answer_context, n_chars, n_words, jaccard_ans_ctx, nli_ctx_contradicts_ans",unsure,implausible,no,ai-expert,"R1: numbers are context-supported but the island/city referent is wrong, so grounding is genuinely ambiguous. R2: features track overlap only and miss the referent mismatch."
q_1739_hallucinated,In which single by rap duo Mobb Deep was Curtis James Jackson III featured on?,"""Creep"" is the fourth and final single by rap duo Mobb Deep, from their album ""Blood Money"". The song features 50 Cent but the video accompanied with it was made and was not released.Curtis James Jackson III (born July 6, 1975), known professionally as 50 Cent, is an American rapper, actor, businessman, and investor.","""Blood Money"" features 50 Cent.",1,0.1691819,0.0495474622158182,"overlap_answer_context, n_chars, n_words, overlap_answer_question, jaccard_ans_q",implausible,implausible,yes,ai-expert,Album named instead of the single (Creep); score 0.05 is inconsistent.
q_2184_hallucinated,"What is the title of the book written by the host of ""Family Feud""?","Think Like a Man is a 2012 American romantic comedy film directed by Tim Story and written by Keith Marryman and David A. Newman, based on Steve Harvey's 2009 book ""Act Like a Lady, Think Like a Man"". He hosts ""The Steve Harvey Morning Show"", the ""Steve Harvey"" talk show, ""Family Feud"", ""Little Big Shots"" and its spinoff """", and ""Steve Harvey's Funderdome"".","""The Lady and the Man""",1,0.03231168,0.015190463720669,"overlap_answer_context, n_words, nli_ctx_neutral_ans, nli_ctx_contradicts_ans, avg_word_len",implausible,implausible,yes,ai-expert,Fabricated title close to the real book; score 0.02 is inconsistent.
q_2251_hallucinated,"ConnectU was founded by Cameron Winklevoss, Divya Narendra, and this professional rower?","ConnectU (originally HarvardConnection) was a social networking website launched on May 21, 2004, that was founded by Harvard students Cameron Winklevoss, Tyler Winklevoss, and Divya Narendra in December 2002.Tyler Howard Winklevoss (born August 21, 1981) is an American rower and entrepreneur.",Tyler Winklevoss founded ConnectU.,1,0.1831667,0.055746478541702,"overlap_answer_context, n_chars, n_words, cosine_ctx_ans, overlap_answer_question",plausible,plausible,yes,ai-expert,"Answer is fully supported by the context (Tyler Winklevoss is listed as a founder and a rower); low score is sensible. Dataset label=1 disagrees with the context, so the explanation is judged against the text, not the label."
q_2436_hallucinated,The inner urban neighbourhood Eureka Tower is in had a population of what in 2011?,"Eureka Tower is a 297.3 m skyscraper located in the Southbank precinct of Melbourne, Victoria, Australia.Southbank is an inner urban neighbourhood of Melbourne, Victoria, Australia, 1 km south of Melbourne's central business district. Its local government area are the Cities of Melbourne and Port Phillip. At the 2011 Census, Southbank had a population of 11,235.","Southbank had a population of 11,235.",1,0.20357479,0.0661121487525918,"overlap_answer_context, n_words, nli_ctx_contradicts_ans, n_chars, cosine_q_ans",plausible,plausible,yes,ai-expert,"Variant restates the exact supported fact (population 11,235); low score is correct behaviour. Looks like benchmark label noise."
q_5173_hallucinated,What was the company orginally named first?,"Dell Technologies Inc. is an American multinational information technology corporation based in Round Rock, Texas.Dell EMC (EMC Corporation until 2016) is an American multinational corporation headquartered in Hopkinton, Massachusetts, United States.",EMC Corporation,1,0.011443687,0.0126489817683906,"overlap_answer_context, n_words, n_chars, nli_ctx_neutral_ans, nli_ctx_contradicts_ans",unsure,plausible,no,ai-expert,R1: 'originally named first' is ambiguous and EMC Corporation is the prior name in the context. R2: overlap features and a low score are consistent with the context mention.
q_6989_hallucinated,Which air transport operations hub was commanded by the most recent serial killer profiled in the book Cold North Killers: Canadian Serial Murder?,"Cold North Killers: Canadian Serial Murder is a 2012 Canadian non-fiction book written by Lee Mellor and published by Dundurn Press. It documents the lives of sixty Canadian serial killers, with the earliest being Edward H. Rulloff and the most recent being Russell Williams.David Russell Williams (born March 7, 1963) is an English-born Canadian, convicted murderer, rapist, and former Colonel in the Canadian Forces. From July 2009 until his arrest in February 2010, he commanded CFB Trenton, a hub for air transport operations in Canada and abroad and the country's largest military airbase.",The Canadian military's largest airbase.,1,0.5180383,0.5373968222400599,"overlap_answer_context, n_chars, n_words, nli_ctx_contradicts_ans, nli_ans_neutral_ctx",unsure,unsure,yes,ai-expert,Paraphrase is textually supported but does not name the hub; score 0.54 is borderline and the features do not separate the two readings.
q_6297_correct,"Which actor from ""Lost"" is also in the film Another Earth?","It stars Brit Marling, William Mapother, and Robin Lord Taylor.William Reibert Mapother Jr. ( ; born April 17, 1965) is an American actor, best known for his role as Ethan Rom on the television series ""Lost"".",William Reibert Mapother Jr.,0,0.4940252,0.484059412239213,"overlap_answer_context, n_chars, cosine_ctx_ans, nli_ctx_neutral_ans, jaccard_ans_q",plausible,plausible,yes,ai-expert,Supported actor name; 0.48 is on the correct side and features show support.
q_4092_hallucinated,September Song was a film that starred the musician of what nationality?,"The drama unfolded over three series broadcast from 1 March 1993 to 21 March 1995 and starred comedian and actor Russ Abbot, in one of his first 'straight' television roles, as recently widowed ex-teacher Ted Fenwick, opposite Michael Williams as Billy Balsam, an old school comedian and performer and longtime friend of Ted.Russ Abbot (born Russell A. Roberts; 18 September 1947) is an English musician, comedian and actor.","Russ Abbot, an English, starred.",1,0.5193611,0.5403213865336732,"overlap_answer_context, n_chars, n_words, nli_ctx_neutral_ans, nli_ctx_entails_ans",unsure,unsure,yes,ai-expert,Nationality 'English' is supported; phrasing is non-responsive and score 0.54 sits on the boundary.
q_9100_correct,"Which was an alternative rock band, The Charlatans or Kitchens of Distinction?","The Charlatans (known in the United States as The Charlatans UK) are an English indie rock band.Kitchens of Distinction (sometimes shortened colloquially to KOD) are an English three-person alternative rock band formed in Tooting, South London in 1986.",Kitchens of Distinction,0,0.467429,0.425455347256362,"overlap_answer_context, n_words, nli_ctx_contradicts_ans, nli_ans_neutral_ctx, n_chars",plausible,plausible,yes,ai-expert,Answer matches the context definition; 0.43 is sensible.
q_8342_hallucinated,"The 2012–13 FC Bayern Munich season was the 114th season in the club's history and the 48th consecutive season in the top flight of German football, the Bundesliga, since the promotion of the team from the Regionalliga Süd in 1965, before the start of the season, Bayern signed which Brazilian professional footballer who plays for French Ligue 1 club Nice, commonly known as who?","Before the start of the season, Bayern signed Xherdan Shaqiri, Dante, Claudio Pizarro, Mitchell Weiser, Tom Starke and Mario Mandžukić.Dante Bonfim Costa Santos (born 18 October 1983), commonly known as Dante (] ), is a Brazilian professional footballer who plays for French Ligue 1 club Nice.",Bayern signed Claudio Pizarro.,1,0.51306766,0.5263860229972727,"overlap_answer_context, n_chars, n_words, nli_ctx_neutral_ans, nli_ctx_entails_ans",unsure,unsure,yes,ai-expert,Wrong Brazilian named (Pizarro is Peruvian); score 0.53 barely flags it and features are neutral/overlap driven rather than contradiction driven.
q_6775_correct,Which president was present for the Mexican Civil War who originated from Oaxaca?,"Agnes Salm-Salm (December 25, 1844 – December 21, 1912) was the American wife of Prince Felix zu Salm-Salm, a Prussian mercenary beside whom she played a role in the American Civil War, the Mexican Civil War between President Benito Juárez and the Austrian archduke Maximilian I of Mexico, and the Franco-Prussian War.Benito Pablo Juárez García (] ; 21 March 1806 – 18 July 1872) was a Mexican lawyer and liberal politician of Zapotec origin from Oaxaca.",liberal politician of Zapotec origin from Oaxaca.,0,0.45407054,0.3966909774928161,"overlap_answer_context, n_words, n_chars, nli_ans_neutral_ctx, overlap_answer_question",plausible,plausible,yes,ai-expert,Answer is verbatim supported; 0.40 is sensible.
q_6955_correct,USAAF station 590 is located in which parish with a WA5 postal code?,"Whittle Hall is housing estate within the parish of Great Sankey in the town of Warrington, North West England. Its more exact location is in-between the old centre of Great Sankey, the new built Chapleford, and the Omega Development Site (formerly RAF Burtonwood). The area falls under the WA5 postal code.Royal Air Force Burtonwood or more simply RAF Burtonwood is a former Royal Air Force station 2 mi northwest of Warrington, Lancashire, England. It was also known as USAAF station 590.",the parish of Great Sankey,0,0.44006753,0.3672899415767202,"overlap_answer_context, n_words, nli_ctx_neutral_ans, nli_ctx_contradicts_ans, cosine_q_ans",plausible,plausible,yes,ai-expert,Answer supported by the context paragraph; 0.37 is sensible.
