subset,method,n_seeds,ece_mean,ece_std,ace_mean,ace_std,brier_mean,brier_std,nll_mean,nll_std,slope_mean,slope_std,intercept_mean,intercept_std,f1_mean,f1_std,auroc_mean,auroc_std,predicted_positive_rate_mean,predicted_positive_rate_std
halueval_test,raw,3,0.004465554729309392,0.00028137040369836307,0.0035681366699815663,0.00014846096286638113,0.011742369056199499,0.00020954032698801533,0.04492114877357319,0.000785835290665942,1.074562461386493,0.03896431715289779,0.3252696904089019,0.03621785939002977,0.9846463173227583,0.0006363410078762355,0.9979192592592593,7.144581723999243e-05,0.4914444444444444,0.00031426968052734606
halueval_test,platt,3,0.009138263120123275,0.0007567045276389815,0.013435706420584115,0.0006312849949343026,0.012935888071110803,0.00017691491092122869,0.05794885723423513,0.001205882710812077,1.158496769270275,0.015483191425823002,0.783876697116388,0.031048893760657767,0.984756629100462,0.0005754736624814722,0.9979192592592593,7.144581723999243e-05,0.49133333333333334,0.00027216552697590133
halueval_test,isotonic,3,0.006953303990607832,0.00029098516632881813,0.007829305198672611,0.0005298173305970459,0.012372829347272499,0.00034658011078919155,0.07274729040356226,0.005833934679606761,0.8535624748835481,0.04588767543842286,0.29598544771696533,0.10327177041731843,0.9844122745224292,0.00029118734295679983,0.9972092592592593,0.0002487037891949677,0.49077777777777776,0.002199887763691467
ragtruth_qa_test,raw,3,0.8184592978049207,0.0005085275886346681,0.8184592978049209,0.0005085275886346681,0.8163649987855192,0.0009364200247645198,5.197582237577506,0.162818739862384,0.1386175726601411,0.12664488690359255,-2.398111433101528,0.8031283940728744,0.3021718602455146,0.0,0.5397874436936937,0.03086475954715774,0.998888888888889,1.1102230246251565e-16
ragtruth_qa_test,platt,3,0.8089086140495173,0.00016083869185855472,0.8089086140495173,0.00016083869185851648,0.8010526384772306,0.0002077039177022573,3.623232093919862,0.010575257678011662,0.549891787890732,0.1664244646968512,-3.952104701851084,0.7382024436415846,0.3021718602455146,0.0,0.5397874436936937,0.03086475954715774,0.998888888888889,1.1102230246251565e-16
ragtruth_qa_test,isotonic,3,0.8204398734646835,0.00021100104628105784,0.8204398734646833,0.0002110010462810117,0.8199541165524836,0.00044089266301825734,29.506372380569434,0.07099437925994537,0.24181731784834692,0.05195605003178036,-4.867920818707545,0.7153355882161583,0.3022670624699146,0.0001346362769145357,0.5022522522522522,0.001274066272408233,0.9985185185185186,0.0005237828008789536
ragtruth_summarization,raw,3,0.687961735015112,0.0047413034949836536,0.6879617350151124,0.0047413034949836995,0.6825111467807403,0.007038692503712842,3.2879108614908596,0.3188277265959314,0.9687176838396466,0.12803862946420436,-5.557918620300349,1.0605037143788472,0.46027846027846026,0.0,0.6316707312994042,0.002145219802286132,0.9968186638388122,1.1102230246251565e-16
ragtruth_summarization,platt,3,0.6857566451332445,0.0003921631591656695,0.6857566451332446,0.0003921631591656264,0.6804178345380308,0.0006120555304485017,3.0311216280506508,0.022836609814977246,6.566162492001749,0.6775763600518635,-29.327728885683154,3.1060468651817086,0.46027846027846026,0.0,0.6316707312994042,0.002145219802286132,0.9968186638388122,1.1102230246251565e-16
ragtruth_summarization,isotonic,3,0.6977438031698139,0.0008108542193456964,0.6977438031698139,0.0008108542193456684,0.6968395521885578,0.0014267189359939993,24.914756766541178,0.19467551154754845,0.25168094541593106,0.06108904374811467,-4.318995425521339,0.8487823839392492,0.46027846027846026,0.0,0.5074224842780444,0.003646349496654779,0.9968186638388122,1.1102230246251565e-16
ragtruth_data_to_text,raw,3,0.3057248357407339,0.0031679269402056973,0.3057248357407339,0.0031679269402056765,0.30839973065548426,0.0020748644576454155,1.5489487288000816,0.12449476552108055,0.7135696615882695,0.1304200564034213,-2.79865531661196,0.8708182736217048,0.8140068886337543,0.0,0.5776575447750943,0.006571958198478493,1.0,0.0
ragtruth_data_to_text,platt,3,0.30094534835422837,0.0002509139181299398,0.30094534835422837,0.00025091391812997625,0.3058004279532629,0.00016371615358880127,1.3766842115384605,0.006350986940829279,4.886051921003473,0.972220063502793,-20.491608925288293,4.277265779910588,0.8140068886337543,0.0,0.5776575447750943,0.006571958198478493,1.0,0.0
ragtruth_data_to_text,isotonic,3,0.313649564375605,0.0,0.31364956437560504,0.0,0.31364956437560504,0.0,11.305076184001896,1.7763568394002505e-15,0.056387890094428676,0.0,0.004081523773349735,0.0,0.8140068886337543,0.0,,,1.0,0.0
ragtruth_all,raw,3,0.560111732442668,0.0027067627520898493,0.560111732442668,0.002706762752089896,0.558638144476158,0.003166960041237053,3.0660594145181506,0.18602833362504784,-0.044784758307042594,0.025994444077050566,-0.03796599021920359,0.14421525091125867,0.6031242214474889,1.1187063293743178e-05,0.49652218468658854,0.002789954143577236,0.9977702829304853,2.6498286722342035e-05
ragtruth_all,platt,3,0.5544432681887465,0.00011953212427304339,0.5544432681887466,0.0001195321242730957,0.5526433895604087,0.0001640712117498661,2.4831547873693443,0.008438448069731376,1.6520137183595844,0.3185704605926946,-7.4858558973629,1.415194819995736,0.6031242214474889,1.1187063293743178e-05,0.49652218468658854,0.002789954143577236,0.9977702829304853,2.6498286722342035e-05
ragtruth_all,isotonic,3,0.5666090674782399,0.00027521067615629156,0.5666090674782399,0.00027521067615629276,0.5660647177137526,0.0005222904932963878,20.31787614026936,0.06832775338586973,0.351992827040105,0.10165061996842892,-5.131737653880741,1.406856220159339,0.6031321362538852,5.1270175815220884e-05,0.5048735789868808,0.0016901235608672363,0.9977515458122541,0.00012143040469191269
faithbench,raw,3,0.30091611525954476,0.005254272584339591,0.30091611525954476,0.005254272584339591,0.3049241160541632,0.0034261668121359336,1.4338688286330592,0.1457450102406795,0.3574586655339385,0.09644636662153733,-0.8847078113491178,0.5458107911438757,0.8130469371519492,1.1102230246251565e-16,0.5314066820056388,0.022094780380006195,0.9946666666666667,0.0
faithbench,platt,3,0.30018752005144006,0.00043472933733315367,0.30018752005144017,0.000434729337333196,0.30503103902878675,0.00032726661986096556,1.360958521083904,0.010446332701502874,1.0343714342676813,0.46129478248931677,-3.6809679075514214,1.9878125516790905,0.8130469371519492,1.1102230246251565e-16,0.5314066820056388,0.022094780380006195,0.9946666666666667,0.0
faithbench,isotonic,3,0.31227698233790496,0.0008761353287001895,0.31227698233790496,0.0008761353287001641,0.31175440034386953,0.001193919092654248,11.082355319136468,0.15412287814402484,0.22633068814390792,0.08586551366455727,-2.332960402250397,1.1981760816666942,0.8130469371519492,1.1102230246251565e-16,0.5162191889996097,0.00580686538387935,0.9946666666666667,0.0
