variant,dataset,n,recall,precision,f1,auroc,predicted_positive_rate,ece,brier
m0,faithbench,750.0,1.0,0.6849865951742627,0.8130469371519492,0.5088567552888067,0.9946666666666667,0.29174368367923637,0.30013011892636615
m0,ragtruth_all_test,2700.0,1.0,0.3496477567667779,0.5181318681318682,0.47533755298454716,0.998888888888889,0.6345889345363335,0.630754828453064
m0,ragtruth_qa_test,900.0,1.0,0.17797552836484984,0.3021718602455146,0.5465160472972973,0.998888888888889,0.8148609976084145,0.8105636437733968
m1,faithbench,750.0,1.0,0.6849865951742627,0.8130469371519492,0.5439617126153493,0.9946666666666667,0.2873374787718057,0.2974158426125844
m1,ragtruth_all_test,2700.0,1.0,0.3496477567667779,0.5181318681318682,0.5430446069079236,0.998888888888889,0.6385199972324901,0.6343164443969727
m1,ragtruth_qa_test,900.0,1.0,0.17797552836484984,0.3021718602455146,0.5128195382882883,0.998888888888889,0.8164963194093219,0.8132083018620809
m2,faithbench,750.0,1.0,0.6849865951742627,0.8130469371519492,0.5536782145654732,0.9946666666666667,0.2883466992154718,0.2969727615515391
m2,ragtruth_all_test,2700.0,1.0,0.3496477567667779,0.5181318681318682,0.5018139832730885,0.998888888888889,0.6368723398315962,0.6320832967758179
m2,ragtruth_qa_test,900.0,1.0,0.17797552836484984,0.3021718602455146,0.49774915540540543,0.998888888888889,0.8162385369230201,0.8127368092536926
m3,faithbench,750.0,0.06653620352250489,0.6180413870582688,0.12012981244776799,0.5940863076473782,0.07333333333333333,0.45002027208275264,0.4207168022791545
m3,ragtruth_all_test,2700.0,0.7727112053729233,0.4401317607557109,0.5608150533176531,0.5815407259514184,0.6132098765432099,0.2782230046170729,0.3478619654973348
m3,ragtruth_qa_test,900.0,0.9979166666666667,0.1821533669614784,0.30806683679593444,0.5490765765765766,0.9740740740740742,0.7433099641595726,0.706121583779653
